filename,filepath,song_name,artist_name,title,artist,album,id3_genre,subgenre,label,duration_s
01 - BM - Deewani Mastani [DJMaza.Info].mp3,/home/anand_dev/STUDY/NU/spring26/CS5100_FAI/bollywood/Extra Unsorted/01 - BM - Deewani Mastani [DJMaza.Info].mp3,Deewani Mastani,Shreya Ghoshal,Deewani Mastani - DJMaza.Info,"Shreya Ghoshal, Ganesh Chandanshive, Mujtaba Aziz Naza, Shahdab Faridi, Altmash Faridi & Farhan Sabri",Bajirao Mastani (2015),Soundtrack,devotional/folk,bollywood,340.2
01 - Baarish - DownloadMing.SE.mp3,/home/anand_dev/STUDY/NU/spring26/CS5100_FAI/bollywood/Extra Unsorted/01 - Baarish - DownloadMing.SE.mp3,Baarish,Ash King,Baarish -  DownloadMing.SE,Ash King & Shashaa Tirupati,Half Girlfriend (2017),DownloadMing.SE,bollywood_pop,bollywood,276.4
01 - Baby Ko Bass Pasand Hai - DownloadMing.SE.mp3,/home/anand_dev/STUDY/NU/spring26/CS5100_FAI/bollywood/Extra Unsorted/01 - Baby Ko Bass Pasand Hai - DownloadMing.SE.mp3,Baby Ko Bass Pasand Hai,Vishal Dadlani,Baby Ko Bass Pasand Hai -  DownloadMing.io,"Vishal Dadlani, Shalmali Kholgade, Ishita & Badshah",Sultan (2016),DownloadMing.io,hindi_hiphop,bollywood,253.3
01 - Badri Ki Dulhania - Title Track - DownloadMing.SE.mp3,/home/anand_dev/STUDY/NU/spring26/CS5100_FAI/bollywood/Extra Unsorted/01 - Badri Ki Dulhania - Title Track - DownloadMing.SE.mp3,Badri Ki Dulhania,Dev Negi,Badri Ki Dulhania -  DownloadMing.SE,"Dev Negi, Neha Kakkar, Monali Thakur, Ikka",Badrinath Ki Dulhania (2017),DownloadMing.SE,bollywood_pop,bollywood,206.9
01 - Befikra (320 Kbps) - DownloadMing.SE.mp3,/home/anand_dev/STUDY/NU/spring26/CS5100_FAI/bollywood/Extra Unsorted/01 - Befikra (320 Kbps) - DownloadMing.SE.mp3,Befikra,Meet Bros,Befikra (320 Kbps) -  DownloadMing.io,Meet Bros & Aditi Singh Sharma,Befikra (2016),DownloadMing.io,bollywood_pop,bollywood,351.7
01 - Bloody Hell - DownloadMing.SE.mp3,/home/anand_dev/STUDY/NU/spring26/CS5100_FAI/bollywood/Extra Unsorted/01 - Bloody Hell - DownloadMing.SE.mp3,Bloody Hell,Sunidhi Chauhan,Bloody Hell -  DownloadMing.SE,Sunidhi Chauhan,Rangoon (2017),DownloadMing.SE,bollywood_pop,bollywood,252.5
01 - Bol - Hona Tha Pyar [www.DJMaza.Com].mp3,/home/anand_dev/STUDY/NU/spring26/CS5100_FAI/bollywood/Extra Unsorted/01 - Bol - Hona Tha Pyar [www.DJMaza.Com].mp3,Hona Tha Pyar,Atif Aslam,Hona Tha Pyar - www.DJMaza.Com,Atif Aslam & Hadiqa Kiani,Bol (2011),Bollywood,bollywood_pop,bollywood,222.0
01 - Dil Chori - DownloadMing.SE.mp3,/home/anand_dev/STUDY/NU/spring26/CS5100_FAI/bollywood/Extra Unsorted/01 - Dil Chori - DownloadMing.SE.mp3,Dil Chori,Ishers,Dil Chori -  DownloadMing.SE,"Ishers, Simar Kaur, Yo Yo Honey Singh",Sonu Ke Titu Ki Sweety (2018),DownloadMing.SE,hindi_hiphop,bollywood,4.6
01 - Dilwale - Gerua [DJMaza.Info].mp3,/home/anand_dev/STUDY/NU/spring26/CS5100_FAI/bollywood/Extra Unsorted/01 - Dilwale - Gerua [DJMaza.Info].mp3,Gerua,Arijit Singh,Gerua - DJMaza.Info,Arijit Singh & Antara Mitra,Dilwale (2015),Bollywood Music,bollywood_pop,bollywood,345.6
01 - Dj Waley Babu (ft. Aastha Gill) - Badshah - DownloadMing.SE.mp3,/home/anand_dev/STUDY/NU/spring26/CS5100_FAI/bollywood/Extra Unsorted/01 - Dj Waley Babu (ft. Aastha Gill) - Badshah - DownloadMing.SE.mp3,Dj Waley Babu (ft. Aastha Gill,Badshah,Dj Waley Babu (ft. Aastha Gill) -  DownloadMing.SE,Badshah ft. Aastha Gill,Dj Waley Babu (ft. Aastha Gill) - Badshah (2015),DownloadMing.SE,remix/mashup,bollywood,169.1
01 - Ik Vaari Aa (320 Kbps) - DownloadMing.SE.mp3,/home/anand_dev/STUDY/NU/spring26/CS5100_FAI/bollywood/Extra Unsorted/01 - Ik Vaari Aa (320 Kbps) - DownloadMing.SE.mp3,Ik Vaari Aa,Arijit Singh,Ik Vaari Aa (320 Kbps) -  DownloadMing.SE,Arijit Singh,Raabta (2017),DownloadMing.SE,bollywood_pop,bollywood,274.7
01 - KPC - Manja [MP3Khan.Com] - Copy.mp3,/home/anand_dev/STUDY/NU/spring26/CS5100_FAI/bollywood/Extra Unsorted/01 - KPC - Manja [MP3Khan.Com] - Copy.mp3,Manja - MP3Khan.Com,Amit Trivedi,Manja - MP3Khan.Com,Amit Trivedi,Kai Po Che (2013),Bollywood Music,bollywood_pop,bollywood,217.0
01 - Mercy (320 Kbps) - DownloadMing.SE.mp3,/home/anand_dev/STUDY/NU/spring26/CS5100_FAI/bollywood/Extra Unsorted/01 - Mercy (320 Kbps) - DownloadMing.SE.mp3,Mercy,Badshah,Mercy (320 Kbps) -  DownloadMing.SE,Badshah,Mercy Badshah (2017),DownloadMing.SE,hindi_hiphop,bollywood,162.5
01 - Rockstar - Phir Se Ud Chala [www.DJMaza.Com].mp3,/home/anand_dev/STUDY/NU/spring26/CS5100_FAI/bollywood/Extra Unsorted/01 - Rockstar - Phir Se Ud Chala [www.DJMaza.Com].mp3,Phir Se Ud Chala,Mohit Chauhan,Phir Se Ud Chala - www.DJMaza.Com,Mohit Chauhan,Rockstar (2011),Bollywood Music,bollywood_pop,bollywood,271.9
01 - Saanson Ko.mp3,/home/anand_dev/STUDY/NU/spring26/CS5100_FAI/bollywood/Extra Unsorted/01 - Saanson Ko.mp3,Saanson Ko - Zid,Arijit Singh,Saanson Ko - Zid,"Arijit Singh,Sharib Toshi",Various Artists,Other,bollywood_pop,bollywood,286.6
01 - Sanam Re - Sanam Re [DJMaza.Info].mp3,/home/anand_dev/STUDY/NU/spring26/CS5100_FAI/bollywood/Extra Unsorted/01 - Sanam Re - Sanam Re [DJMaza.Info].mp3,Sanam Re,Mithoon,Sanam Re - DJMaza.Info,Mithoon & Arijit Singh,Sanam Re (2016),Soundtrack,bollywood_pop,bollywood,308.7
01 - Satrangi Re(dailymaza.com).mp3,/home/anand_dev/STUDY/NU/spring26/CS5100_FAI/bollywood/Extra Unsorted/01 - Satrangi Re(dailymaza.com).mp3,Satrangi Re - MyMp3Song.info,Arijit Singh,Satrangi Re - MyMp3Song.info,"Arijit Singh, Dawn Cardo",Wrong Side Raju,Gujarati,gujarati/garba,bollywood,219.4
01 - Swag Se Swagat - DownloadMing.SE.mp3,/home/anand_dev/STUDY/NU/spring26/CS5100_FAI/bollywood/Extra Unsorted/01 - Swag Se Swagat - DownloadMing.SE.mp3,Swag Se Swagat,Vishal Dadlani,Swag Se Swagat -  DownloadMing.SE,"Vishal Dadlani, Neha Bhasin",Tiger Zinda Hai (2017),DownloadMing.SE,bollywood_pop,bollywood,236.0
01 - Thug Ranjha (320 Kbps) - DownloadMing.SE.mp3,/home/anand_dev/STUDY/NU/spring26/CS5100_FAI/bollywood/Extra Unsorted/01 - Thug Ranjha (320 Kbps) - DownloadMing.SE.mp3,Thug Ranjha,Akasa Singh,Thug Ranjha (320 Kbps) -  DownloadMing.SE,Akasa Singh,Thug Ranjha (2018),DownloadMing.SE,hindi_hiphop,bollywood,184.6
01 Ban Ja Rani - Tumhari Sulu (Guru) 190Kbps.mp3,/home/anand_dev/STUDY/NU/spring26/CS5100_FAI/bollywood/Extra Unsorted/01 Ban Ja Rani - Tumhari Sulu (Guru) 190Kbps.mp3,Ban Ja Rani,Guru Randhawa,Ban Ja Rani - PagalWorld.La,Guru Randhawa - PagalWorld.La,Tumhari Sulu - PagalWorld.La,Bollywood,punjabi_pop,bollywood,226.0
01 Birthday Bash.mp3,/home/anand_dev/STUDY/NU/spring26/CS5100_FAI/bollywood/Extra Unsorted/01 Birthday Bash.mp3,"Birthday Bash (From ""Dilliwaali Zaalim Girlfriend""",Yo Yo Honey Singh,"Birthday Bash (From ""Dilliwaali Zaalim Girlfriend"")",Yo Yo Honey Singh & Alfaaz,"Birthday Bash (From ""Dilliwaali Zaalim Girlfriend"") - Single",Bollywood,hindi_hiphop,bollywood,252.1
01 Bol Do Na Zara - Azhar - Armaan Malik - 190kbps.mp3,/home/anand_dev/STUDY/NU/spring26/CS5100_FAI/bollywood/Extra Unsorted/01 Bol Do Na Zara - Azhar - Armaan Malik - 190kbps.mp3,Bol Do Na Zara,Armaan Malik,Bol Do Na Zara - PagalWorld.com,"Armaan Malik , Amaal Mallik - PagalWorld.com",Azhar (2016) PagalWorld.com,Bollywood,bollywood_pop,bollywood,293.6
01 Chogada - Loveratri.mp3,/home/anand_dev/STUDY/NU/spring26/CS5100_FAI/bollywood/Extra Unsorted/01 Chogada - Loveratri.mp3,Chogada,Darshan Raval,Chogada - Pagalworld.org,"Darshan Raval, Asees Kaur - Pagalworld.org",Loveratri - Pagalworld.org,Bollywood,gujarati/garba,bollywood,249.9
01 Golmaal Again - Title Song 190Kbps.mp3,/home/anand_dev/STUDY/NU/spring26/CS5100_FAI/bollywood/Extra Unsorted/01 Golmaal Again - Title Song 190Kbps.mp3,Golmaal Again - Title Song (PagalWorld.La,Brijesh Shandilya,Golmaal Again - Title Song (PagalWorld.La),"Brijesh Shandilya, Aditi Singh Sharma (PagalWorld.La)",Golmaal Again (PagalWorld.La),Bollywood,bollywood_pop,bollywood,264.2
01 Jiyo Re Bahubali - Bahubali 2 - 190Kbps.mp3,/home/anand_dev/STUDY/NU/spring26/CS5100_FAI/bollywood/Extra Unsorted/01 Jiyo Re Bahubali - Bahubali 2 - 190Kbps.mp3,Jiyo Re Bahubali,Daler Mehndi,Jiyo Re Bahubali - PagalWorld.cool,"Daler Mehndi, Sanjeev Chimmalgi, Ramya Behara",Bahubali 2 - PagalWorld.com,Bollywood,devotional/folk,bollywood,209.1
01 Journey Song.mp3,/home/anand_dev/STUDY/NU/spring26/CS5100_FAI/bollywood/Extra Unsorted/01 Journey Song.mp3,Journey Song,Anupam Roy,Journey Song - PagalWorld.com,"Anupam Roy , Shreya Ghoshal  [PagalWorld.com]",Piku - [PagalWorld.com],Bollywood,bollywood_pop,bollywood,258.6
01 Kabhi Jo Badal Barse (Unplugged) 192kbps [Songspkmp3.me].mp3,/home/anand_dev/STUDY/NU/spring26/CS5100_FAI/bollywood/Extra Unsorted/01 Kabhi Jo Badal Barse (Unplugged) 192kbps [Songspkmp3.me].mp3,Kabhi Jo Badal Barse (Unplugged) [Songspkmp3.me,Arijit Singh,Kabhi Jo Badal Barse (Unplugged) [Songspkmp3.me],Arijit Singh & Samira Koppikar,Kabhi Jo Badal Barse (Unplugged) - Single [Songspkmp3.me],Indian Pop,bollywood_pop,bollywood,195.5
01 Main Hoon - Munna Michael 190Kbps.mp3,/home/anand_dev/STUDY/NU/spring26/CS5100_FAI/bollywood/Extra Unsorted/01 Main Hoon - Munna Michael 190Kbps.mp3,Main Hoon (PagalWorld.cool,Tanishk Baagchi,Main Hoon (PagalWorld.cool),"Tanishk Baagchi , Siddharth Mahadevan (PagalWorld.cool)",Munna Michael (PagalWorld.cool),Soundtrack,bollywood_pop,bollywood,232.8
01 Ok Jaanu - Title Song (AR Rehman) 190Kbps.mp3,/home/anand_dev/STUDY/NU/spring26/CS5100_FAI/bollywood/Extra Unsorted/01 Ok Jaanu - Title Song (AR Rehman) 190Kbps.mp3,Ok Jaanu Title Track,A. R. Rahman,Ok Jaanu Title Track - PagalWorld.com,"A. R. Rahman , Srinidhi Venkatesh - PagalWorld.com",Ok Jaanu (2017) - PagalWorld.com,Bollywood,bollywood_pop,bollywood,206.3
01 Salamat - Sarbjit (Arijit Singh) 190Kbps.mp3,/home/anand_dev/STUDY/NU/spring26/CS5100_FAI/bollywood/Extra Unsorted/01 Salamat - Sarbjit (Arijit Singh) 190Kbps.mp3,Salamat,Tulsi Kumar,Salamat - PagalWorld.com,"Tulsi Kumar, Arijit Singh , Amaal Mallik (PagalWorld.com)",Sarbjit (2016) PagalWorld.com,Bollywood,bollywood_pop,bollywood,270.3
01 Sau Tarah Ke - Dishoom (Pritam) 320Kbps.mp3,/home/anand_dev/STUDY/NU/spring26/CS5100_FAI/bollywood/Extra Unsorted/01 Sau Tarah Ke - Dishoom (Pritam) 320Kbps.mp3,Sau Tarah Ke,Amit Mishra,Sau Tarah Ke - PagalWorld.info,"Amit Mishra , Jonita Gandhi , Pritam - PagalWorld.info",Dishoom (2016) PagalWorld.info,Bollywood,bollywood_pop,bollywood,238.7
01 Suit Suit - Hindi Medium (Guru n Arjun) 190Kbps.mp3,/home/anand_dev/STUDY/NU/spring26/CS5100_FAI/bollywood/Extra Unsorted/01 Suit Suit - Hindi Medium (Guru n Arjun) 190Kbps.mp3,Suit Suit (PagalWorld.cool,Guru Randhawa,Suit Suit (PagalWorld.cool),"Guru Randhawa, Arjun , Rajat Nagpal , Intense",Hindi Medium (PagalWorld.cool),Bollywood,punjabi_pop,bollywood,190.2
01. Piddly.mp3,/home/anand_dev/STUDY/NU/spring26/CS5100_FAI/bollywood/Extra Unsorted/01. Piddly.mp3,Piddly,Amitabh Bachchan,Piddly - PagalWorld.com,Amitabh Bachchan - PagalWorld.com,Amitabh Bachchan,Bollywood,bollywood_pop,bollywood,318.2
01_-_Kar_Gayi_Chull_-_DownloadMing.SE[1].mp3,/home/anand_dev/STUDY/NU/spring26/CS5100_FAI/bollywood/Extra Unsorted/01_-_Kar_Gayi_Chull_-_DownloadMing.SE[1].mp3,Kar Gayi Chull,Badshah,Kar Gayi Chull -  DownloadMing.SE,"Badshah, Fazilpuria, Sukriti Kakar & Neha Kakkar",Kapoor and Sons (2016),DownloadMing.SE,hindi_hiphop,bollywood,187.7
01_20badri_20ki_20dulhania_20-_20title_20track_20_28neha_20kakkar_29_20190kbps.mp3,/home/anand_dev/STUDY/NU/spring26/CS5100_FAI/bollywood/Extra Unsorted/01_20badri_20ki_20dulhania_20-_20title_20track_20_28neha_20kakkar_29_20190kbps.mp3,Badri Ki Dulhania (PagalWorld.me,Dev Negi,Badri Ki Dulhania (PagalWorld.me),"Dev Negi, Neha Kakkar, Monali Thakur, Ikka , Tanishk Bagchi",Badrinath Ki Dulhania (PagalWorld.me),Bollywood,bollywood_pop,bollywood,206.9
01_20bulleya_20_28reprise_29_20arijit_20singh_20-_20190kbps.mp3,/home/anand_dev/STUDY/NU/spring26/CS5100_FAI/bollywood/Extra Unsorted/01_20bulleya_20_28reprise_29_20arijit_20singh_20-_20190kbps.mp3,Bulleya (Reprise,Pritam,Bulleya (Reprise) - PagalWorld.com,"Pritam, Amit Mishra , Shilpa Rao - PagalWorld.com",Ae Dil Hai Mushkil [Deluxe Edition] - PagalWorld.com,Bollywood,bollywood_pop,bollywood,348.9
02 - Bin Tere-(MyMp3Singer.com).mp3,/home/anand_dev/STUDY/NU/spring26/CS5100_FAI/bollywood/Extra Unsorted/02 - Bin Tere-(MyMp3Singer.com).mp3,Bin Tere-(MyMp3Singer.com,Sunidhi Chauhan,02 - Bin Tere-(MyMp3Singer.com),"Sunidhi Chauhan, Shafqat Amanat Ali",I Hate LUV Storys - MyMp3Singer.com,Club,bollywood_pop,bollywood,330.6
02 - Dil Diyan Gallan - DownloadMing.SE.mp3,/home/anand_dev/STUDY/NU/spring26/CS5100_FAI/bollywood/Extra Unsorted/02 - Dil Diyan Gallan - DownloadMing.SE.mp3,Dil Diyan Gallan,Atif Aslam,Dil Diyan Gallan -  DownloadMing.SE,Atif Aslam,Tiger Zinda Hai (2017),DownloadMing.SE,bollywood_pop,bollywood,260.6
02 - Dilwale - Manma Emotion Jaage [DJMaza.Info].mp3,/home/anand_dev/STUDY/NU/spring26/CS5100_FAI/bollywood/Extra Unsorted/02 - Dilwale - Manma Emotion Jaage [DJMaza.Info].mp3,Manma Emotion Jaage,Amit Mishra,Manma Emotion Jaage - DJMaza.Info,"Amit Mishra, Anushka Manchanda & Antara Mitra",Dilwale (2015),Bollywood Music,bollywood_pop,bollywood,209.4
02 - Haareya - DownloadMing.SE.mp3,/home/anand_dev/STUDY/NU/spring26/CS5100_FAI/bollywood/Extra Unsorted/02 - Haareya - DownloadMing.SE.mp3,Haareya,Arijit Singh,Haareya -  DownloadMing.SE,Arijit Singh,Meri Pyaari Bindu (2017),DownloadMing.SE,bollywood_pop,bollywood,214.9
02 - Jag Ghoomeya - DownloadMing.SE.mp3,/home/anand_dev/STUDY/NU/spring26/CS5100_FAI/bollywood/Extra Unsorted/02 - Jag Ghoomeya - DownloadMing.SE.mp3,Jag Ghoomeya,Rahat Fateh Ali Khan,Jag Ghoomeya -  DownloadMing.io,Rahat Fateh Ali Khan,Sultan (2016),DownloadMing.io,sufi/qawwali,bollywood,282.0
02 - Kaun Tujhe - DownloadMing.SE.mp3,/home/anand_dev/STUDY/NU/spring26/CS5100_FAI/bollywood/Extra Unsorted/02 - Kaun Tujhe - DownloadMing.SE.mp3,Kaun Tujhe,Palak Muchhal,Kaun Tujhe -  DownloadMing.SE,Palak Muchhal,M.S. Dhoni (2016),DownloadMing.SE,bollywood_pop,bollywood,241.5
02 - Nanga Punga Dost.mp3,/home/anand_dev/STUDY/NU/spring26/CS5100_FAI/bollywood/Extra Unsorted/02 - Nanga Punga Dost.mp3,Nanga Punga Dost,Shreya Ghoshal,Nanga Punga Dost - DJMaza.Info,Shreya Ghoshal,PK (2014),Bollywood Music,bollywood_pop,bollywood,286.7
02 - Raabta (Title Track) - Raabta [DJMaza.Life].mp3,/home/anand_dev/STUDY/NU/spring26/CS5100_FAI/bollywood/Extra Unsorted/02 - Raabta (Title Track) - Raabta [DJMaza.Life].mp3,Raabta (Title Track,Arijit Singh,Raabta (Title Track) - DJMaza.Life,"Arijit Singh, Nikhita Gandhi",Raabta,Bollywood Music,bollywood_pop,bollywood,297.2
02 - Sau Aasmaan - DownloadMing.SE.mp3,/home/anand_dev/STUDY/NU/spring26/CS5100_FAI/bollywood/Extra Unsorted/02 - Sau Aasmaan - DownloadMing.SE.mp3,Sau Aasmaan,Armaan Malik,Sau Aasmaan -  DownloadMing.SE,Armaan Malik & Neeti Mohan,Baar Baar Dekho (2016),DownloadMing.SE,bollywood_pop,bollywood,234.9
02 - Tamma Tamma Again - DownloadMing.SE.mp3,/home/anand_dev/STUDY/NU/spring26/CS5100_FAI/bollywood/Extra Unsorted/02 - Tamma Tamma Again - DownloadMing.SE.mp3,Tamma Tamma Again,Bappi Lahiri,Tamma Tamma Again -  DownloadMing.SE,"Bappi Lahiri, Anuradha Paudwal Badshah , Tanishk Bagchi",Badrinath Ki Dulhania (2017),DownloadMing.SE,hindi_hiphop,bollywood,199.3
02 - Tareefan - DownloadMing.SE.mp3,/home/anand_dev/STUDY/NU/spring26/CS5100_FAI/bollywood/Extra Unsorted/02 - Tareefan - DownloadMing.SE.mp3,Tareefan,Badshah,Tareefan -  DownloadMing.SE,Badshah,Veere Di Wedding (2018),DownloadMing.SE,hindi_hiphop,bollywood,186.2
02 - ZNMD - Ik Junoon (Paint It Red) [www.DJMaza.Com].mp3,/home/anand_dev/STUDY/NU/spring26/CS5100_FAI/bollywood/Extra Unsorted/02 - ZNMD - Ik Junoon (Paint It Red) [www.DJMaza.Com].mp3,Ik Junoon (Paint It Red,Vishal Dadlani,Ik Junoon (Paint It Red) - www.DJMaza.Com,"Vishal Dadlani, Shankar Mahadevan, Ehsaan, Gulraj Singh & Alyssa Mendonsa",Zindagi Na Milegi Dobara (2011),Bollywood Music,bollywood_pop,bollywood,300.7
02 Baat Ban Jaye - A Gentleman 320Kbps.mp3,/home/anand_dev/STUDY/NU/spring26/CS5100_FAI/bollywood/Extra Unsorted/02 Baat Ban Jaye - A Gentleman 320Kbps.mp3,Baat Ban Jaye,Siddharth Basrur,Baat Ban Jaye - PagalWorld.com,"Siddharth Basrur, Priya Saraiya - PagalWorld.com",A Gentleman - PagalWorld.com,Bollywood,bollywood_pop,bollywood,192.2
02 Bekhudi.mp3,/home/anand_dev/STUDY/NU/spring26/CS5100_FAI/bollywood/Extra Unsorted/02 Bekhudi.mp3,Bekhudi,Darshan Raval,Bekhudi - SongsMp3.com,"Darshan Raval , Aditi Singh Sharma , Himesh Reshammiya",Teraa Surroor - SongsMp3.com,Bollywood,bollywood_pop,bollywood,348.2
02 Dekhte Dekhte - Batti Gul Meter Chalu.mp3,/home/anand_dev/STUDY/NU/spring26/CS5100_FAI/bollywood/Extra Unsorted/02 Dekhte Dekhte - Batti Gul Meter Chalu.mp3,Dekhte Dekhte,Atif Aslam,Dekhte Dekhte - Pagalworld.org,Atif Aslam - Pagalworld.org,Batti Gul Meter Chalu - Pagalworld.org,Bollywood,bollywood_pop,bollywood,256.4
02 Dil Ke Paas (Wajah Tum Ho) Arijit Singh 190Kbps.mp3,/home/anand_dev/STUDY/NU/spring26/CS5100_FAI/bollywood/Extra Unsorted/02 Dil Ke Paas (Wajah Tum Ho) Arijit Singh 190Kbps.mp3,Dil Ke Paas,Arijit Singh,Dil Ke Paas - Pagalworld.com,"Arijit Singh , Tulsi Kumar - Pagalworld.com",Wajah Tum Ho (2016) - Pagalworld.co,Bollwood Music,bollywood_pop,bollywood,271.3
02 Maine Tujhko Dekha - Golmaal Again 190Kbps.mp3,/home/anand_dev/STUDY/NU/spring26/CS5100_FAI/bollywood/Extra Unsorted/02 Maine Tujhko Dekha - Golmaal Again 190Kbps.mp3,Maine Tujhko Dekha,Neeraj Shridhar,Maine Tujhko Dekha - PagalWorld.La,"Neeraj Shridhar, Sukriti Kakar - PagalWorld.La",Golmaal Again - PagalWorld.La,Bollywood,bollywood_pop,bollywood,207.4
02 Nasshhe Si Chdh Gyi (Arijit Singh) 190Kbps.mp3,/home/anand_dev/STUDY/NU/spring26/CS5100_FAI/bollywood/Extra Unsorted/02 Nasshhe Si Chdh Gyi (Arijit Singh) 190Kbps.mp3,Nashe Si Chadh Gayi,Arijit Singh,Nashe Si Chadh Gayi - PagalWorld.co,Arijit Singh - PagalWorld.co,Befikre - PagalWorld.co,Bollywood,bollywood_pop,bollywood,238.0
02 O Saathi - Baaghi 2 - Atif Aslam 320Kbps.mp3,/home/anand_dev/STUDY/NU/spring26/CS5100_FAI/bollywood/Extra Unsorted/02 O Saathi - Baaghi 2 - Atif Aslam 320Kbps.mp3,O Saathi,Atif Aslam,O Saathi - PagalWorld.co,Atif Aslam - PagalWorld.co,Baaghi 2 - PagalWorld.co,Bollywood,bollywood_pop,bollywood,251.9
02 Raabta - Title Song (Arijit Singh) 320Kbps.mp3,/home/anand_dev/STUDY/NU/spring26/CS5100_FAI/bollywood/Extra Unsorted/02 Raabta - Title Song (Arijit Singh) 320Kbps.mp3,Raabta (Title Track,Pritam,Raabta (Title Track) - PagalWorld.cool,"Pritam, Arijit Singh , Nikita Gandhi - PagalWorld.cool",Raabta - PagalWorld.cool,Bollywood,bollywood_pop,bollywood,297.2
02 Sha Sha Sha Mi Mi Mi.mp3,/home/anand_dev/STUDY/NU/spring26/CS5100_FAI/bollywood/Extra Unsorted/02 Sha Sha Sha Mi Mi Mi.mp3,Sha Sha Sha Mi Mi Mi [FreshMaza.Info,Caralisa Monteiro,Sha Sha Sha Mi Mi Mi [FreshMaza.Info],Caralisa Monteiro,Shamitabh [FreshMaza.Info],Bollywood,bollywood_pop,bollywood,320.6
02 yaadon ki baarat nikli hai - www.downloadming.com.mp3,/home/anand_dev/STUDY/NU/spring26/CS5100_FAI/bollywood/Extra Unsorted/02 yaadon ki baarat nikli hai - www.downloadming.com.mp3,yaadon ki baarat nikli hai,www.downloadming.com,,www.downloadming.com,Yaadon Ki Baaraat (1973),www.downloadming.com,bollywood_pop,bollywood,230.2
02. Abhi Toh Party.mp3,/home/anand_dev/STUDY/NU/spring26/CS5100_FAI/bollywood/Extra Unsorted/02. Abhi Toh Party.mp3,Abhi Toh Party,Badshah,Abhi Toh Party - DJMaza.Info,Badshah & Aastha,Khoobsurat - Singles,Bollywood Music,hindi_hiphop,bollywood,179.8
02_-_Sun_Saathiya-(MyMp3Singer.com).mp3,/home/anand_dev/STUDY/NU/spring26/CS5100_FAI/bollywood/Extra Unsorted/02_-_Sun_Saathiya-(MyMp3Singer.com).mp3,02_-_Sun_Saathiya-(MyMp3Singer.com,Divya Kumar,02_-_Sun_Saathiya-(MyMp3Singer.com),"Divya Kumar, Priya Saraiya",ABCD - Any Body Can Dance 2 - MyMp3Singer.com,Club,bollywood_pop,bollywood,217.9
02_20galti_20se_20mistake_20-_20jagga_20jasoos_20_28arijit_20singh_29_20190kbps.mp3,/home/anand_dev/STUDY/NU/spring26/CS5100_FAI/bollywood/Extra Unsorted/02_20galti_20se_20mistake_20-_20jagga_20jasoos_20_28arijit_20singh_29_20190kbps.mp3,Galti Se Mistake,Arijit Singh,Galti Se Mistake - PagalWorld.cool,"Arijit Singh, Amit Mishra - PagalWorld.cool",Jagga Jasoos - PagalWorld.cool,Bollywood,bollywood_pop,bollywood,203.1
02_20zaalima_20-_20raees_20_28arijit_20singh_29_20190kbps.mp3,/home/anand_dev/STUDY/NU/spring26/CS5100_FAI/bollywood/Extra Unsorted/02_20zaalima_20-_20raees_20_28arijit_20singh_29_20190kbps.mp3,Zaalima,JAM8,Zaalima - PagalWorld.me,"JAM8, Arijit Singh , Harshdeep Kaur - PagalWorld.me",Raees - PagalWorld.me,Bollywood,bollywood_pop,bollywood,299.4
03 - 440 Volt - DownloadMing.SE.mp3,/home/anand_dev/STUDY/NU/spring26/CS5100_FAI/bollywood/Extra Unsorted/03 - 440 Volt - DownloadMing.SE.mp3,Volt,Mika Singh,440 Volt -  DownloadMing.io,Mika Singh,Sultan (2016),DownloadMing.io,bollywood_pop,bollywood,268.1
03 - Aankh Hai Bhari Bhari (Male)-(MyMp3Singer.net).mp3,/home/anand_dev/STUDY/NU/spring26/CS5100_FAI/bollywood/Extra Unsorted/03 - Aankh Hai Bhari Bhari (Male)-(MyMp3Singer.net).mp3,Aankh Hai Bhari Bhari (Male)-(MyMp3Singer.com,Kumar Sanu,03 - Aankh Hai Bhari Bhari (Male)-(MyMp3Singer.com),Kumar Sanu,Tum Se Achcha Kaun Hai - MyMp3Singer.com,Club,bollywood_pop,bollywood,443.4
03 - Aashiq Surrender Hua - DownloadMing.SE.mp3,/home/anand_dev/STUDY/NU/spring26/CS5100_FAI/bollywood/Extra Unsorted/03 - Aashiq Surrender Hua - DownloadMing.SE.mp3,Aashiq Surrender Hua,Amaal Mallik,Aashiq Surrender Hua -  DownloadMing.SE,"Amaal Mallik,Shreya Ghoshal",Badrinath Ki Dulhania (2017),DownloadMing.SE,bollywood_pop,bollywood,250.3
03 - BM - Malhari [DJMaza.Info].mp3,/home/anand_dev/STUDY/NU/spring26/CS5100_FAI/bollywood/Extra Unsorted/03 - BM - Malhari [DJMaza.Info].mp3,Malhari,Vishal Dadlani,Malhari - DJMaza.Info,Vishal Dadlani,Bajirao Mastani (2015),Soundtrack,bollywood_pop,bollywood,244.0
03 - Dilwale - Janam Janam [DJMaza.Info].mp3,/home/anand_dev/STUDY/NU/spring26/CS5100_FAI/bollywood/Extra Unsorted/03 - Dilwale - Janam Janam [DJMaza.Info].mp3,Janam Janam,Arijit Singh,Janam Janam - DJMaza.Info,Arijit Singh & Antara Mitra,Dilwale (2015),Bollywood Music,bollywood_pop,bollywood,237.9
03 - Heropanti - Raat Bhar [DJMaza.Info].mp3,/home/anand_dev/STUDY/NU/spring26/CS5100_FAI/bollywood/Extra Unsorted/03 - Heropanti - Raat Bhar [DJMaza.Info].mp3,Raat Bhar,Arijit Singh,Raat Bhar - DJMaza.Info,Arijit Singh & Shreya Ghoshal,Heropanti (2014),Bollywood Music,bollywood_pop,bollywood,325.6
03 - Maa(dailymaza.com)_1467786338943.mp3,/home/anand_dev/STUDY/NU/spring26/CS5100_FAI/bollywood/Extra Unsorted/03 - Maa(dailymaza.com)_1467786338943.mp3,Maa,Shankar Mahadevan,Maa - WapKing.site,Shankar Mahadevan,Daav Thai Gayo Yaar,Gujarati,gujarati/garba,bollywood,277.0
03 - Main Jo (Nayantara) NH10.mp3,/home/anand_dev/STUDY/NU/spring26/CS5100_FAI/bollywood/Extra Unsorted/03 - Main Jo (Nayantara) NH10.mp3,Main Jo,Nayantara Bhatkal,Main Jo - FreshMaza.Info,"Nayantara Bhatkal, Savera Mehta - FreshMaza.Info",NH10 - FreshMaza.Info,Bollywood,bollywood_pop,bollywood,163.1
03 - Ra.One - Criminal [www.DJMaza.Com].mp3,/home/anand_dev/STUDY/NU/spring26/CS5100_FAI/bollywood/Extra Unsorted/03 - Ra.One - Criminal [www.DJMaza.Com].mp3,Criminal,Akon,Criminal - www.DJMaza.Com,"Akon, Vishal Dadlani & Shruti Pathak",Ra.One (2011),Bollywood Music,bollywood_pop,bollywood,306.5
03 - Tere Naina(MyMp3Song.Com).mp3,/home/anand_dev/STUDY/NU/spring26/CS5100_FAI/bollywood/Extra Unsorted/03 - Tere Naina(MyMp3Song.Com).mp3,Tere Naina(MyMp3Song.Com,03 - Tere Nain,,03 - Tere Nain,http://MyMp3Song.Com,Club,bollywood_pop,bollywood,10.0
03 Aaj Raat Ka Scene (Jazbaa) (SongsMp3.Com).mp3,/home/anand_dev/STUDY/NU/spring26/CS5100_FAI/bollywood/Extra Unsorted/03 Aaj Raat Ka Scene (Jazbaa) (SongsMp3.Com).mp3,"Aaj Raat Ka Scene (From ""Jazbaa"") | SongsMp3.Com",Shraddha Pandit,"Aaj Raat Ka Scene (From ""Jazbaa"") | SongsMp3.Com",Shraddha Pandit & Badshah,"Aaj Raat Ka Scene (From ""Jazbaa"") |  SongsMp3.Com",Bollywood,hindi_hiphop,bollywood,210.1
03 Chhote Chhote Peg - Yo Yo Honey Singh 320Kbps.mp3,/home/anand_dev/STUDY/NU/spring26/CS5100_FAI/bollywood/Extra Unsorted/03 Chhote Chhote Peg - Yo Yo Honey Singh 320Kbps.mp3,Chhote Chhote Peg,Yo Yo Honey Singh,Chhote Chhote Peg - PagalWorld.info,"Yo Yo Honey Singh, Neha Kakkar, Navraj Hans - PagalWorld.info",Sonu Ke Titu Ki Sweety - PagalWorld.info,Bollywood,hindi_hiphop,bollywood,204.2
03 lekar hum deewana dil - www.downloadming.com.mp3,/home/anand_dev/STUDY/NU/spring26/CS5100_FAI/bollywood/Extra Unsorted/03 lekar hum deewana dil - www.downloadming.com.mp3,lekar hum deewana dil,www.downloadming.com,,www.downloadming.com,Yaadon Ki Baaraat (1973),www.downloadming.com,bollywood_pop,bollywood,355.1
03_20buddhu_20sa_20mann_20-_20armaan_20malik_20-_20190kbps.mp3,/home/anand_dev/STUDY/NU/spring26/CS5100_FAI/bollywood/Extra Unsorted/03_20buddhu_20sa_20mann_20-_20armaan_20malik_20-_20190kbps.mp3,Buddhu Sa Mann,Amaal Mallik,Buddhu Sa Mann - PagalWorld.cool,"Amaal Mallik , Armaan Malik (PagalWorld.cool)",Kapoor & Sons (Since 1921) - PagalWorld.cool,Bollywood,bollywood_pop,bollywood,206.9
04 - Bom Diggy Diggy - DownloadMing.SE.mp3,/home/anand_dev/STUDY/NU/spring26/CS5100_FAI/bollywood/Extra Unsorted/04 - Bom Diggy Diggy - DownloadMing.SE.mp3,Bom Diggy Diggy,Zack Knight,Bom Diggy Diggy -  DownloadMing.SE,"Zack Knight, Jasmin Walia",Sonu Ke Titu Ki Sweety (2018),DownloadMing.SE,hindi_hiphop,bollywood,238.9
04 - Love Is A Waste Of Time.mp3,/home/anand_dev/STUDY/NU/spring26/CS5100_FAI/bollywood/Extra Unsorted/04 - Love Is A Waste Of Time.mp3,Love Is A Waste Of Time,Sonu Nigam,Love Is A Waste Of Time - DJMaza.Info,Sonu Nigam & Shreya Ghoshal,PK (2014),Bollywood Music,bollywood_pop,bollywood,270.1
04 - Nachde Ne Saare - DownloadMing.SE.mp3,/home/anand_dev/STUDY/NU/spring26/CS5100_FAI/bollywood/Extra Unsorted/04 - Nachde Ne Saare - DownloadMing.SE.mp3,Nachde Ne Saare,Jasleen Royal,Nachde Ne Saare -  DownloadMing.SE,"Jasleen Royal, Harshdeep Kaur & Siddharth Mahadevan",Baar Baar Dekho (2016),DownloadMing.SE,bollywood_pop,bollywood,194.9
04 - Tumse Hi Tumse.mp3,/home/anand_dev/STUDY/NU/spring26/CS5100_FAI/bollywood/Extra Unsorted/04 - Tumse Hi Tumse.mp3,Tumse Hi Tumse,Caralisa Monteiro,04 - Tumse Hi Tumse - www.downloadming.com,Caralisa Monteiro & Shekhar Ravjiani,Anjana Anjani (2010),www.downloadming.com,bollywood_pop,bollywood,263.3
04 Aaja - Nucleya (SongsMp3.Com).mp3,/home/anand_dev/STUDY/NU/spring26/CS5100_FAI/bollywood/Extra Unsorted/04 Aaja - Nucleya (SongsMp3.Com).mp3,Aaja,Nucleya,Aaja - SongsMp3.Com,"Nucleya , Avneet Khurmi , Guri Gangsta",Bass Rani - SongsMp3.Com,EDM,indian_edm,bollywood,271.3
04 Judaai - Badlapur [Arijit Singh].mp3,/home/anand_dev/STUDY/NU/spring26/CS5100_FAI/bollywood/Extra Unsorted/04 Judaai - Badlapur [Arijit Singh].mp3,Judaai,Rekha Bhardwaj,Judaai - PagalWorld.com,Rekha Bhardwaj & Arijit Singh,Badlapur (2015),Other,bollywood_pop,bollywood,271.4
04 aap ke kamre mein - www.downloadming.com.mp3,/home/anand_dev/STUDY/NU/spring26/CS5100_FAI/bollywood/Extra Unsorted/04 aap ke kamre mein - www.downloadming.com.mp3,aap ke kamre mein,www.downloadming.com,,www.downloadming.com,Yaadon Ki Baaraat (1973),www.downloadming.com,bollywood_pop,bollywood,524.9
04_20roke_20na_20ruke_20naina_20_28arijit_20singh_29_20190kbps.mp3,/home/anand_dev/STUDY/NU/spring26/CS5100_FAI/bollywood/Extra Unsorted/04_20roke_20na_20ruke_20naina_20_28arijit_20singh_29_20190kbps.mp3,Roke Na Ruke Naina,Arijit Singh,Roke Na Ruke Naina - PagalWorld.com,Arijit Singh - PagalWorld.com,Badrinath Ki Dulhania - PagalWorld.me,Bollywood,bollywood_pop,bollywood,278.5
05 - Airlift - Soch Na Sake (Version 2) [DJMaza.Info].mp3,/home/anand_dev/STUDY/NU/spring26/CS5100_FAI/bollywood/Extra Unsorted/05 - Airlift - Soch Na Sake (Version 2) [DJMaza.Info].mp3,Soch Na Sake (Version 2,Arijit Singh,Soch Na Sake (Version 2) - DJMaza.Info,Arijit Singh,Airlift (2015),Soundtrack,bollywood_pop,bollywood,281.2
05 - Cutiepie - DownloadMing.SE.mp3,/home/anand_dev/STUDY/NU/spring26/CS5100_FAI/bollywood/Extra Unsorted/05 - Cutiepie - DownloadMing.SE.mp3,Cutiepie,Pritam,Cutiepie -  DownloadMing.SE,"Pritam, Pardeep Singh Sran & Nakash Aziz",Ae Dil Hai Mushkil - Deluxe Edition (2016),DownloadMing.SE,bollywood_pop,bollywood,231.6
05 - Humsafar - DownloadMing.SE.mp3,/home/anand_dev/STUDY/NU/spring26/CS5100_FAI/bollywood/Extra Unsorted/05 - Humsafar - DownloadMing.SE.mp3,Humsafar,Akhil Sachdeva,Humsafar -  DownloadMing.SE,Akhil Sachdeva,Badrinath Ki Dulhania (2017),DownloadMing.SE,bollywood_pop,bollywood,268.5
05 - JKLS - Mashup (Jayantabhai Ki Luv Story) [MP3Khan.Com].mp3,/home/anand_dev/STUDY/NU/spring26/CS5100_FAI/bollywood/Extra Unsorted/05 - JKLS - Mashup (Jayantabhai Ki Luv Story) [MP3Khan.Com].mp3,Mashup (Jayantabhai Ki Luv Story) - MP3Khan.Com,DJ Kiran Kamath,Mashup (Jayantabhai Ki Luv Story) - MP3Khan.Com,DJ Kiran Kamath & Atif Aslam,Jayantabhai Ki Luv Story (2013),Bollywood Music,remix/mashup,bollywood,197.4
05 - Main Tera Boyfriend - Raabta [DJMaza.Life].mp3,/home/anand_dev/STUDY/NU/spring26/CS5100_FAI/bollywood/Extra Unsorted/05 - Main Tera Boyfriend - Raabta [DJMaza.Life].mp3,Main Tera Boyfriend,Arjit Singh,Main Tera Boyfriend - DJMaza.Life,"Arjit Singh, Neha Kakkar",Raabta,Bollywood Music,bollywood_pop,bollywood,276.2
05 - ZNMD - Der Lagi Lekin [www.DJMaza.Com].mp3,/home/anand_dev/STUDY/NU/spring26/CS5100_FAI/bollywood/Extra Unsorted/05 - ZNMD - Der Lagi Lekin [www.DJMaza.Com].mp3,Der Lagi Lekin,Shankar Mahadevan,Der Lagi Lekin - www.DJMaza.Com,Shankar Mahadevan,Zindagi Na Milegi Dobara (2011),Bollywood Music,bollywood_pop,bollywood,357.3
05 Beat Pe Booty (A Flying Jatt).mp3,/home/anand_dev/STUDY/NU/spring26/CS5100_FAI/bollywood/Extra Unsorted/05 Beat Pe Booty (A Flying Jatt).mp3,Beat Pe Booty,Sachin Sanghvi,Beat Pe Booty - SongsMp3.Net,"Sachin Sanghvi, Jigar Saraiya, Vayu",A Flying Jatt (2016) - SongsMp3.Net,Bollywood,bollywood_pop,bollywood,197.6
05 Rahat Fateh Ali Khan - Rabba - MAIN AUR MRS KHANNA.mp3,/home/anand_dev/STUDY/NU/spring26/CS5100_FAI/bollywood/Extra Unsorted/05 Rahat Fateh Ali Khan - Rabba - MAIN AUR MRS KHANNA.mp3,Rabba,Rahat Fateh Ali Khan,Rabba,"Rahat Fateh Ali Khan, Kailash Kher","Aahat - The Collection Of Rahat Fateh Ali Khan, Kailash Kher",Soundtrack,sufi/qawwali,bollywood,313.1
05. Maa Ka Phone.mp3,/home/anand_dev/STUDY/NU/spring26/CS5100_FAI/bollywood/Extra Unsorted/05. Maa Ka Phone.mp3,Maa Ka Phone,Priya Panchal,Maa Ka Phone - DownloadMing.SE,"Priya Panchal, Mauli Dave",Khoobsurat (2014),DownloadMing.SE,bollywood_pop,bollywood,247.6
06 - Alizeh - DownloadMing.SE.mp3,/home/anand_dev/STUDY/NU/spring26/CS5100_FAI/bollywood/Extra Unsorted/06 - Alizeh - DownloadMing.SE.mp3,Alizeh,Pritam,Alizeh -  DownloadMing.SE,"Pritam, Arijit Singh, Ash King & Shashwat Singh",Ae Dil Hai Mushkil - Deluxe Edition (2016),DownloadMing.SE,bollywood_pop,bollywood,282.4
06 - Kala Chashma - DownloadMing.SE.mp3,/home/anand_dev/STUDY/NU/spring26/CS5100_FAI/bollywood/Extra Unsorted/06 - Kala Chashma - DownloadMing.SE.mp3,Kala Chashma,Amar Arshi,Kala Chashma -  DownloadMing.SE,"Amar Arshi, Badshah & Neha Kakkar",Baar Baar Dekho (2016),DownloadMing.SE,hindi_hiphop,bollywood,187.1
06 Binte Dil - Padmaavat (Arijit Singh) 320Kbps.mp3,/home/anand_dev/STUDY/NU/spring26/CS5100_FAI/bollywood/Extra Unsorted/06 Binte Dil - Padmaavat (Arijit Singh) 320Kbps.mp3,Binte Dil,Arijit Singh,Binte Dil - PagalWorld.info,Arijit Singh - PagalWorld.info,Padmaavat - PagalWorld.info,Bollywood,bollywood_pop,bollywood,192.9
06_-_Naina_-_www_songsfarm_info.mp3,/home/anand_dev/STUDY/NU/spring26/CS5100_FAI/bollywood/Extra Unsorted/06_-_Naina_-_www_songsfarm_info.mp3,Naina,Sona Mohapatra,Naina - www.songsfarm.info,"Sona Mohapatra, Armaan Malik",Khoobsurat (2014),www.songsfarm.info,bollywood_pop,bollywood,225.3
07 - Dilwale - Theme of Dilwale (DJ Chetas Mix) [DJMaza.Info].mp3,/home/anand_dev/STUDY/NU/spring26/CS5100_FAI/bollywood/Extra Unsorted/07 - Dilwale - Theme of Dilwale (DJ Chetas Mix) [DJMaza.Info].mp3,Theme of Dilwale (DJ Chetas Mix,Pritam,Theme of Dilwale (DJ Chetas Mix) - DJMaza.Info,Pritam & Arijit Singh,Dilwale (2015),Bollywood Music,remix/mashup,bollywood,222.0
07 Dance Like a Chammiya (Sunidhi Chauhan) - Happy New Year 190Kbps.mp3,/home/anand_dev/STUDY/NU/spring26/CS5100_FAI/bollywood/Extra Unsorted/07 Dance Like a Chammiya (Sunidhi Chauhan) - Happy New Year 190Kbps.mp3,Dance Like a Chammiya,Sunidhi Chauhan,Dance Like a Chammiya - PagalWorld.com,"Sunidhi Chauhan , PagalWorld.com",Happy New Year - PagalWorld.com,Bollywood Music,bollywood_pop,bollywood,211.9
09 - Aaj Jane Ki Zid Na Karo - DownloadMing.SE.mp3,/home/anand_dev/STUDY/NU/spring26/CS5100_FAI/bollywood/Extra Unsorted/09 - Aaj Jane Ki Zid Na Karo - DownloadMing.SE.mp3,Aaj Jane Ki Zid Na Karo,Pritam,Aaj Jane Ki Zid Na Karo -  DownloadMing.SE,Pritam & Shilpa Rao,Ae Dil Hai Mushkil - Deluxe Edition (2016),DownloadMing.SE,bollywood_pop,bollywood,171.5
09 - BM - Fitoori [DJMaza.Info].mp3,/home/anand_dev/STUDY/NU/spring26/CS5100_FAI/bollywood/Extra Unsorted/09 - BM - Fitoori [DJMaza.Info].mp3,Fitoori,Vaishali Made,Fitoori - DJMaza.Info,"Vaishali Made, Ganesh Chandanshive, Aishwarya Bhandari, Geetikka Manjrekar, Kanika Joshi, Mayur Sakhare, Shreyas Puranik, Maneesh Singh, Vivek Naik & Devendra Chitnis",Bajirao Mastani (2015),Soundtrack,devotional/folk,bollywood,235.3
106 Dhokha Dhadi.mp3,/home/anand_dev/STUDY/NU/spring26/CS5100_FAI/bollywood/Extra Unsorted/106 Dhokha Dhadi.mp3,Dhokha Dhadi,Arijit Singh,,Arijit Singh,R.. Rajkumar (2013),SPECIAL EFFECTS,bollywood_pop,bollywood,249.0
11 - Mere Sapno Ki Rani (Sanam Puri) [PagalWorld.com].mp3,/home/anand_dev/STUDY/NU/spring26/CS5100_FAI/bollywood/Extra Unsorted/11 - Mere Sapno Ki Rani (Sanam Puri) [PagalWorld.com].mp3,Mere Sapno Ki Rani (DM Unreleased,Sanam Puri,Mere Sapno Ki Rani (DM Unreleased) - www.PagalWorld.com,Sanam Puri - www.PagalWorld.com,Latest DJ Mixes (Jan-Feb 2015) - PagalWorld.com,Bollywood Remixes/Singles,remix/mashup,bollywood,234.6
AUD-20160204-WA0002.mp3,/home/anand_dev/STUDY/NU/spring26/CS5100_FAI/bollywood/Extra Unsorted/AUD-20160204-WA0002.mp3,O Ri Chiraiya (Satyamev Jayate,Swanand Kirkire,O Ri Chiraiya (Satyamev Jayate) - www.MyMp3Song.com,Swanand Kirkire,Satyamev Jayate,pop,bollywood_pop,bollywood,197.1
AUD-20160910-WA0014.mp3,/home/anand_dev/STUDY/NU/spring26/CS5100_FAI/bollywood/Extra Unsorted/AUD-20160910-WA0014.mp3,Phir Mujhe Dil Se Pukar Tu (RoyalJatt.Com,Mohit Gaur (RoyalJatt.Com,Phir Mujhe Dil Se Pukar Tu (RoyalJatt.Com),Mohit Gaur (RoyalJatt.Com),Phir Mujhe Dil Se Pukar Tu (RoyalJatt.Com),(Single_Hindi RoyalJatt.Com),bollywood_pop,bollywood,336.0
Aa Soni Kudi Nachle Na - Guru Randhawa-(Mr-Song.Com).mp3,/home/anand_dev/STUDY/NU/spring26/CS5100_FAI/bollywood/Extra Unsorted/Aa Soni Kudi Nachle Na - Guru Randhawa-(Mr-Song.Com).mp3,Aa Soni Kudi Nachle Na - Guru Randhawa-(Mr-Song.Com,Guru Randhawa,Aa Soni Kudi Nachle Na - Guru Randhawa-(Mr-Song.Com),"Guru Randhawa,Neeti Mohan,",Latest 2017 Single Mp3 [Mr-Song.Com],Club,punjabi_pop,bollywood,220.6
Aaj Ibaadat.mp3,/home/anand_dev/STUDY/NU/spring26/CS5100_FAI/bollywood/Extra Unsorted/Aaj Ibaadat.mp3,Aaj Ibaadat @ IndiaMp3.Com,Javed Bashir,Aaj Ibaadat @ IndiaMp3.Com,"Javed Bashir, Shadab Faridi, Altamash Faridi, Shashi Suman & Shreyas Puranik",Bajirao Mastani (2015),Bollywood Music,bollywood_pop,bollywood,284.6
Aap_Ki_Nazron_Ne_Samjha_Sanam[ListenVid.com].mp3,/home/anand_dev/STUDY/NU/spring26/CS5100_FAI/bollywood/Extra Unsorted/Aap_Ki_Nazron_Ne_Samjha_Sanam[ListenVid.com].mp3,Aap_Ki_Nazron_Ne_Samjha_Sanam[ListenVid.com,,,,,,bollywood_pop,bollywood,214.0
Aaye Ho Meri Zindagi Mein Tum Bahaar Banke (Female) - (BossMp3.In).mp3,/home/anand_dev/STUDY/NU/spring26/CS5100_FAI/bollywood/Extra Unsorted/Aaye Ho Meri Zindagi Mein Tum Bahaar Banke (Female) - (BossMp3.In).mp3,Aaye Ho Meri Zindagi Mein Tum Bahaar Banke (Female) (BossMp3.In,Alka Yagnik,Aaye Ho Meri Zindagi Mein Tum Bahaar Banke (Female) (BossMp3.In),Alka Yagnik,Raja Hindustani (1996) - BossMp3.In,www.BossMp3.In,bollywood_pop,bollywood,362.1
Agar Tum Saath Ho-Maahi Ve - DJMaza.Life - 320Kbps.mp3,/home/anand_dev/STUDY/NU/spring26/CS5100_FAI/bollywood/Extra Unsorted/Agar Tum Saath Ho-Maahi Ve - DJMaza.Life - 320Kbps.mp3,Agar Tum Saath Ho-Maahi Ve,Jubin Nautiyal,Agar Tum Saath Ho-Maahi Ve - DJMaza.Life,"Jubin Nautiyal, Prakriti Kakar",T-Series Mixtape,Bollywood Music,bollywood_pop,bollywood,272.9
Agnee theme song for splitsvilla.mp3,/home/anand_dev/STUDY/NU/spring26/CS5100_FAI/bollywood/Extra Unsorted/Agnee theme song for splitsvilla.mp3,01,Track,01,Track,,,bollywood_pop,bollywood,199.2
Akh Lad Jaave - DownloadMing.SE.mp3,/home/anand_dev/STUDY/NU/spring26/CS5100_FAI/bollywood/Extra Unsorted/Akh Lad Jaave - DownloadMing.SE.mp3,Akh Lad Jaave,Badshah,Akh Lad Jaave -  DownloadMing.SE,"Badshah, Asees Kaur, Jubin Nautiyal & Tanishk Bagchi",Loveratri (2018),DownloadMing.SE,hindi_hiphop,bollywood,180.2
Bandook Meri Laila-(Mr-Jatt.com).mp3,/home/anand_dev/STUDY/NU/spring26/CS5100_FAI/bollywood/Extra Unsorted/Bandook Meri Laila-(Mr-Jatt.com).mp3,Bandook Meri Laila (Mr-Jatt.com,Ash King,Bandook Meri Laila (Mr-Jatt.com),"Ash King, Jigar Saraiya, Raftaar (Mr-Jatt.com)",Bandook Meri Laila (Mr-Jatt.com),,hindi_hiphop,bollywood,214.5
Besabriyaan(1).mp3,/home/anand_dev/STUDY/NU/spring26/CS5100_FAI/bollywood/Extra Unsorted/Besabriyaan(1).mp3,Besabriyaan (Mr-Jatt.com,Armaan Malik (Mr-Jatt.com,Besabriyaan (Mr-Jatt.com),Armaan Malik (Mr-Jatt.com),MS Dhoni - The Untold Story (Jatt.fm),Hindi (Mr-Jatt.com),bollywood_pop,bollywood,256.3
Bolna  Remix -(Mr-Jatt.com).mp3,/home/anand_dev/STUDY/NU/spring26/CS5100_FAI/bollywood/Extra Unsorted/Bolna  Remix -(Mr-Jatt.com).mp3,Bolna (Remix) (Mr-Jatt.com,DJ Chetas (Mr-Jatt.com,Bolna (Remix) (Mr-Jatt.com),DJ Chetas (Mr-Jatt.com),Bolna (Remix) (Mr-Jatt.com),,remix/mashup,bollywood,224.4
Bolo Har Har Har.mp3,/home/anand_dev/STUDY/NU/spring26/CS5100_FAI/bollywood/Extra Unsorted/Bolo Har Har Har.mp3,Bolo Har Har Har SongsMp3.Net,Mohit Chauhan,01 Bolo Har Har Har SongsMp3.Net,"Mohit Chauhan, Sukhwinder Singh,Badshah,Megha Sriram",Shivaay SongsMp3.Net,Bollywood,hindi_hiphop,bollywood,296.2
Daaru Party -Millind Gaba 128kbps-(HeroMaza.In).mp3,/home/anand_dev/STUDY/NU/spring26/CS5100_FAI/bollywood/Extra Unsorted/Daaru Party -Millind Gaba 128kbps-(HeroMaza.In).mp3,Daaru Party -Millind Gaba-(HeroMaza.In,HeroMaza.In,Daaru Party -Millind Gaba 128kbps-(HeroMaza.In),HeroMaza.In,Karenge Daru Party Millind Gaba Mp3 Song Download - HeroMaza.In,HeroMaza.In,hindi_hiphop,bollywood,231.7
Daaru_Peeke_Dance_(Kuch_Kuch_Locha_Hai)-(FreshMaza.co).mp3,/home/anand_dev/STUDY/NU/spring26/CS5100_FAI/bollywood/Extra Unsorted/Daaru_Peeke_Dance_(Kuch_Kuch_Locha_Hai)-(FreshMaza.co).mp3,Daaru_Peeke_Dance_(Kuch_Kuch_Locha_Hai)-(FreshMaza.co,www.FreshMaza.co,Daaru_Peeke_Dance_(Kuch_Kuch_Locha_Hai)-(FreshMaza.co),www.FreshMaza.co,Kuch Kuch Locha Hai - FreshMaza.co,Club,hindi_hiphop,bollywood,218.9
Dabangg-Mashup-DJ-CHETAS-(Pagalworld.Com).mp3,/home/anand_dev/STUDY/NU/spring26/CS5100_FAI/bollywood/Extra Unsorted/Dabangg-Mashup-DJ-CHETAS-(Pagalworld.Com).mp3,Dabangg Mashup DJ CHETAS pagalworld.com,pagalworld.com,Dabangg Mashup DJ CHETAS pagalworld.com,pagalworld.com,pagalworld.com,pagalworld.com,remix/mashup,bollywood,273.0
Daddy Mummy (Bhaag Johnny) -320Kbps [DJMaza.Info].mp3,/home/anand_dev/STUDY/NU/spring26/CS5100_FAI/bollywood/Extra Unsorted/Daddy Mummy (Bhaag Johnny) -320Kbps [DJMaza.Info].mp3,Daddy Mummy,Devi Sri Prasad,Daddy Mummy - DJMaza.Info,"Devi Sri Prasad, M.M. Manasi",Bhaag Johnny - Singles,Bollywood Music,bollywood_pop,bollywood,265.2
Darkhaast.mp3,/home/anand_dev/STUDY/NU/spring26/CS5100_FAI/bollywood/Extra Unsorted/Darkhaast.mp3,Darkhaast - feat. Arijit Singh (Shivaay,Arijit Singh,Darkhaast - feat. Arijit Singh (Shivaay) - SongsMp3.Net,"Arijit Singh , Sunidhi Chauhan",Darkhaast (Shivaay) - SongsMp3.Net,Bollywood,devotional/folk,bollywood,374.3
Daru Badnaam 320kbps - Songspkred.co.mp3,/home/anand_dev/STUDY/NU/spring26/CS5100_FAI/bollywood/Extra Unsorted/Daru Badnaam 320kbps - Songspkred.co.mp3,Daru Badnaam,Param Singh,Daru Badnaam - Songspkred.co,"Param Singh, Kamal Kahlon - Songspkred.co",Daru Badnaam - Single,,hindi_hiphop,bollywood,185.4
Dekh Lena.mp3,/home/anand_dev/STUDY/NU/spring26/CS5100_FAI/bollywood/Extra Unsorted/Dekh Lena.mp3,Dekh Lena SongsMp3.Net,Arijit Singh,Dekh Lena SongsMp3.Net,"Arijit Singh,  Tulsi Kumar,",Tum Bin 2 SongsMp3.Net,Soundtrack,bollywood_pop,bollywood,281.6
Dekha Hazaro Dafaa - Rustom (Arijit Singh) 320Kbps.mp3,/home/anand_dev/STUDY/NU/spring26/CS5100_FAI/bollywood/Extra Unsorted/Dekha Hazaro Dafaa - Rustom (Arijit Singh) 320Kbps.mp3,Dekha Hazaro Dafaa,Arijit Singh,Dekha Hazaro Dafaa - PagalWorld.com,"Arijit Singh , Palak Muchhal - PagalWorld.com",Rustom (2016) PagalWorld.com,Bollywood,bollywood_pop,bollywood,210.4
Dhaakad (Dangal).mp3,/home/anand_dev/STUDY/NU/spring26/CS5100_FAI/bollywood/Extra Unsorted/Dhaakad (Dangal).mp3,Dhaakad (Dangal,Raftaar,Dhaakad (Dangal) - SongsMp3.Net,"Raftaar , Pritam","Dhaakad (From ""Dangal"") - SongsMp3.Net",Bollywood,hindi_hiphop,bollywood,176.7
Dholida - DownloadMing.SE.mp3,/home/anand_dev/STUDY/NU/spring26/CS5100_FAI/bollywood/Extra Unsorted/Dholida - DownloadMing.SE.mp3,Dholida,Udit Narayan,Dholida -  DownloadMing.SE,"Udit Narayan, Neha Kakkar, Palak Muchhal, Raja Hasan",Loveratri (2018),DownloadMing.SE,gujarati/garba,bollywood,216.3
Dil Chori - Yo Yo Honey Singh 320Kbps.mp3,/home/anand_dev/STUDY/NU/spring26/CS5100_FAI/bollywood/Extra Unsorted/Dil Chori - Yo Yo Honey Singh 320Kbps.mp3,Dil Chori (PagalWorld.com,Yo Yo Honey Singh,Dil Chori (PagalWorld.com),"Yo Yo Honey Singh, Simar Kaur , Ishers",Sonu Ke Titu Ki Sweety (PagalWorld.com),Bollywood,hindi_hiphop,bollywood,226.3
Ek Do Teen - Baaghi 2-(Mr-Song.Com).mp3,/home/anand_dev/STUDY/NU/spring26/CS5100_FAI/bollywood/Extra Unsorted/Ek Do Teen - Baaghi 2-(Mr-Song.Com).mp3,Ek Do Teen - Baaghi 2-(Mr-Song.Com,Shreya Ghoshal,Ek Do Teen - Baaghi 2-(Mr-Song.Com),"Shreya Ghoshal,",Baaghi 2 (2018) [Mr-Song.Com],Club,bollywood_pop,bollywood,243.7
Ghoomar (Padmavati) -320Kbps [DJMaza.Info].mp3,/home/anand_dev/STUDY/NU/spring26/CS5100_FAI/bollywood/Extra Unsorted/Ghoomar (Padmavati) -320Kbps [DJMaza.Info].mp3,Ghoomar,Shreya Ghoshal,Ghoomar - DJMaza.Info,"Shreya Ghoshal, Swaroop Khan",Padmavati,Bollywood Music,bollywood_pop,bollywood,282.0
HEERO_vs_NAGIN_vs_HORN_(BEND_PARTY_MIX_)_DJ_ANANT_.mp3,/home/anand_dev/STUDY/NU/spring26/CS5100_FAI/bollywood/Extra Unsorted/HEERO_vs_NAGIN_vs_HORN_(BEND_PARTY_MIX_)_DJ_ANANT_.mp3,HEERO_vs_NAGIN_vs_HORN_(BEND_PARTY_MIX_)_DJ_ANANT_,,HEERO_vs_NAGIN_vs_HORN_(BEND_PARTY_MIX_)_DJ_ANANT_,,,,bollywood_pop,bollywood,309.0
HOR_5055462986275_01_001.mp3,/home/anand_dev/STUDY/NU/spring26/CS5100_FAI/bollywood/Extra Unsorted/HOR_5055462986275_01_001.mp3,HOR_5055462986275_01_001,,,,,,bollywood_pop,bollywood,220.0
Hawa Hawa (Mubarakan)-320Kbps(MixMusic.in).mp3,/home/anand_dev/STUDY/NU/spring26/CS5100_FAI/bollywood/Extra Unsorted/Hawa Hawa (Mubarakan)-320Kbps(MixMusic.in).mp3,Hawa Hawa (Mubarakan)  - (MixMusic.In,Prakriti Kakar,Hawa Hawa (Mubarakan) - 320Kbps  - (MixMusic.In),"Prakriti Kakar, Mika Singh",Mubarakan (2017) - MixMusic.In,MixMusic.In,bollywood_pop,bollywood,272.1
Hoton Se Chholo Tum-Jagjit SinghRaag.Me.mp3,/home/anand_dev/STUDY/NU/spring26/CS5100_FAI/bollywood/Extra Unsorted/Hoton Se Chholo Tum-Jagjit SinghRaag.Me.mp3,Hoton Se Chholo Tum    ::www.RAAG.ME::,Jagjit Singh,Hoton Se Chholo Tum    ::www.RAAG.ME::,Jagjit Singh,Prem Geet    ::www.RAAG.ME::,Hindi Movies,ghazal,bollywood,293.1
Hulla Re - DJMaza.Info.mp3,/home/anand_dev/STUDY/NU/spring26/CS5100_FAI/bollywood/Extra Unsorted/Hulla Re - DJMaza.Info.mp3,Hulla Re,Shankar,Hulla Re - DJMaza.Info,Shankar & Siddharth Mahadevan,2 States (2014),Bollywood Music,bollywood_pop,bollywood,221.1
In My City - Priyanka Chopra (ft. will.i.am) (www.SongsLover.pk).mp3,/home/anand_dev/STUDY/NU/spring26/CS5100_FAI/bollywood/Extra Unsorted/In My City - Priyanka Chopra (ft. will.i.am) (www.SongsLover.pk).mp3,In My City,Priyanka Chopra (ft. will.i.am,In My City - www.SongsLover.pk,Priyanka Chopra (ft. will.i.am),Single 2012 SongsLover.pk,Bollywood,bollywood_pop,bollywood,220.9
Jab Koi Baat - DJ Chetas-320Kbps(MixMusic.in).mp3,/home/anand_dev/STUDY/NU/spring26/CS5100_FAI/bollywood/Extra Unsorted/Jab Koi Baat - DJ Chetas-320Kbps(MixMusic.in).mp3,Jab Koi Baat - DJ Chetas - (MixMusic.In,Shirley Setia,Jab Koi Baat - DJ Chetas - 320Kbps - (MixMusic.In),"Shirley Setia, Atif Aslam","Jab Koi Baat - Atif Aslam, Shirley Setia & DJ Chetas - MixMusic.In",MixMusic.In,remix/mashup,bollywood,192.3
Jab Tak - (www.songspksongspk.cc).mp3,/home/anand_dev/STUDY/NU/spring26/CS5100_FAI/bollywood/Extra Unsorted/Jab Tak - (www.songspksongspk.cc).mp3,Jab Tak,Armaan Malik,Jab Tak,Armaan Malik,M.S. Dhoni - [www.songspksongspk.cc],Hindi,bollywood_pop,bollywood,174.5
Jay Jaykara-(Mr-Jatt.com) (2).mp3,/home/anand_dev/STUDY/NU/spring26/CS5100_FAI/bollywood/Extra Unsorted/Jay Jaykara-(Mr-Jatt.com) (2).mp3,Jay Jaykara (Mr-Jatt.com,Kailash Kher (Mr-Jatt.com,Jay Jaykara (Mr-Jatt.com),Kailash Kher (Mr-Jatt.com),Bahubali 2 - The Conclusion (Mr-Jatt.com),,bollywood_pop,bollywood,212.0
Jay Jaykara-(Mr-Jatt.com).mp3,/home/anand_dev/STUDY/NU/spring26/CS5100_FAI/bollywood/Extra Unsorted/Jay Jaykara-(Mr-Jatt.com).mp3,Jay Jaykara (Mr-Jatt.com,Kailash Kher (Mr-Jatt.com,Jay Jaykara (Mr-Jatt.com),Kailash Kher (Mr-Jatt.com),Bahubali 2 - The Conclusion (Mr-Jatt.com),,bollywood_pop,bollywood,211.9
Kaabil Hoon (Jubin Nautiyal) 320Kbps.mp3,/home/anand_dev/STUDY/NU/spring26/CS5100_FAI/bollywood/Extra Unsorted/Kaabil Hoon (Jubin Nautiyal) 320Kbps.mp3,Kaabil Hoon,Jubin Nautiyal,Kaabil Hoon - PagalWorld.com,"Jubin Nautiyal , Palak Muchhal - PagalWorld.com",Kaabil (2016) - PagalWorld.com,Bollywood,bollywood_pop,bollywood,314.4
Kabira [DJMaza].mp3,/home/anand_dev/STUDY/NU/spring26/CS5100_FAI/bollywood/Extra Unsorted/Kabira [DJMaza].mp3,Kabira,Tochi Raina,Kabira - DJMaza.Com,Tochi Raina & Rekha Bhardwaj,Yeh Jawaani Hai Deewani (2013),Bollywood Music,bollywood_pop,bollywood,223.6
Kamariya (Mitron)_320(DjPaji.Com).mp3,/home/anand_dev/STUDY/NU/spring26/CS5100_FAI/bollywood/Extra Unsorted/Kamariya (Mitron)_320(DjPaji.Com).mp3,Kamariya (Mitron)(DjPaji.Com,Darshan Raval,Kamariya (Mitron)(DjPaji.Com),"Darshan Raval, DJ Chetas, Lijo George",Mitron - DjPaji.Com,Club,remix/mashup,bollywood,275.5
Khalibali - Padmavat.mp3,/home/anand_dev/STUDY/NU/spring26/CS5100_FAI/bollywood/Extra Unsorted/Khalibali - Padmavat.mp3,Khalibali,Shivam Pathak,Khalibali - www.MusicOye.com,"Shivam Pathak, Sahil Hada",Padmaavat,Bollywood Music,devotional/folk,bollywood,259.0
Loveyatri Mashup - DownloadMing.SE.mp3,/home/anand_dev/STUDY/NU/spring26/CS5100_FAI/bollywood/Extra Unsorted/Loveyatri Mashup - DownloadMing.SE.mp3,Loveyatri Mashup,Lijo George,Loveyatri Mashup -  DownloadMing.SE,Lijo George & Dj Chetas,Loveratri (2018),DownloadMing.SE,remix/mashup,bollywood,240.0
Nain - Badshah.mp3,/home/anand_dev/STUDY/NU/spring26/CS5100_FAI/bollywood/Extra Unsorted/Nain - Badshah.mp3,Nain,Badshah,Nain - Pagalworld.org,"Badshah , Aastha Gill - Pagalworld.org",ONE Original Never Ends - Pagalworld.org,Indian Pop,hindi_hiphop,bollywood,165.7
Pachtaoge - Arijit Singh.mp3,/home/anand_dev/STUDY/NU/spring26/CS5100_FAI/bollywood/Extra Unsorted/Pachtaoge - Arijit Singh.mp3,Pachtaoge,Arijit Singh,Pachtaoge - PagalSongs.com,"Arijit Singh, Jaani",Jaani Ve (2019),Indian Pop,bollywood_pop,bollywood,226.8
Prada - The Doorbeen.mp3,/home/anand_dev/STUDY/NU/spring26/CS5100_FAI/bollywood/Extra Unsorted/Prada - The Doorbeen.mp3,Prada,The Doorbeen,Prada - PagalSongs.com,"The Doorbeen, Shreya Sharma",Prada (2019),Indian Pop,punjabi_pop,bollywood,185.5
RADHA NE SHYAM MALI JASHE  Sachin Jigar Simu  Sachin Sanghvi  KrishnaLi.mp3,/home/anand_dev/STUDY/NU/spring26/CS5100_FAI/bollywood/Extra Unsorted/RADHA NE SHYAM MALI JASHE  Sachin Jigar Simu  Sachin Sanghvi  KrishnaLi.mp3,RADHA NE SHYAM MALI JASHE  Sachin Jigar Simu  Sachin Sanghvi  KrishnaLi,,,,,,devotional/folk,bollywood,202.3
Rangtaari - DownloadMing.SE.mp3,/home/anand_dev/STUDY/NU/spring26/CS5100_FAI/bollywood/Extra Unsorted/Rangtaari - DownloadMing.SE.mp3,Rangtaari,Yo Yo Honey Singh,Rangtaari -  DownloadMing.SE,"Yo Yo Honey Singh , Dev Negi",Loveratri (2018),DownloadMing.SE,hindi_hiphop,bollywood,217.3
Tera Yaar Hoon Main .mp3,/home/anand_dev/STUDY/NU/spring26/CS5100_FAI/bollywood/Extra Unsorted/Tera Yaar Hoon Main .mp3,Tera Yaar Hoon Main,Arijit Singh,Tera Yaar Hoon Main -  DownloadMing.SE,Arijit Singh,Sonu Ke Titu Ki Sweety (2018),DownloadMing.SE,bollywood_pop,bollywood,264.9
ajabpremkighazabkahani06(www.songs.pk).mp3,/home/anand_dev/STUDY/NU/spring26/CS5100_FAI/bollywood/Extra Unsorted/ajabpremkighazabkahani06(www.songs.pk).mp3,Aa Jao Meri Tamanna,Javed Ali,Aa Jao Meri Tamanna - www.Songs.PK,Javed Ali & Jojo,Ajab Prem Ki Ghazab Kahani,Bollywood Music,bollywood_pop,bollywood,245.8
ding_20dang_20-_20munna_20michael_20320kbps.mp3,/home/anand_dev/STUDY/NU/spring26/CS5100_FAI/bollywood/Extra Unsorted/ding_20dang_20-_20munna_20michael_20320kbps.mp3,Ding Dang (PagalWorld.me,Javed Mohsin,Ding Dang (PagalWorld.me),"Javed Mohsin, Amit Mishra , Antara Mitra (PagalWorld.me)",Munna Michael (PagalWorld.me),Bollywood,bollywood_pop,bollywood,202.6
hawa_20hawa_20-_20mubarakan_20_28mika_29_20320kbps.mp3,/home/anand_dev/STUDY/NU/spring26/CS5100_FAI/bollywood/Extra Unsorted/hawa_20hawa_20-_20mubarakan_20_28mika_29_20320kbps.mp3,Hawa Hawa,Mika Singh,Hawa Hawa - PagalWorld.com,"Mika Singh , Prakriti Kakar - PagalWorld.com",Mubarakan - PagalWorld.com,Bollywood,bollywood_pop,bollywood,272.1
